surname;lastname;e-mailaddress;telephone;photo;nickname;gender;dateofbirth;country_shortname;password;isActive;CreatedDate
Gooitzen;Onderwater;GooitzenOnderwater@dayrep.com;06-81181022;https://randomuser.me/api/portraits/men/4.jpg;Frailie;male;July 26, 1974;nl;Ohshop4j;y;2018-09-10 15:43:14.453
Ruben;Zanting;RubenZanting@jourrapide.com;06-81880622;https://randomuser.me/api/portraits/men/19.jpg;Parturly1955;male;January 23, 1955;nl;ak5oov1iHai;y;2018-09-11 15:45:14.453
Alex;Viveen;AlexViveen@jourrapide.com;06-51711634;https://randomuser.me/api/portraits/men/21.jpg;Hudod1942;male;September 4, 1942;nl;Ohgiezi1wai;y;2019-01-15 16:45:14.453
Serge;Stout;SergeStout@jourrapide.com;06-82174481;https://randomuser.me/api/portraits/men/31.jpg;Ficurnesion;male;January 18, 1946;nl;Uroo9iot8ao;n;2019-01-22 16:43:14.453
Rudmer;van den Eijnde;RudmervandenEijnde@teleworm.us;06-83022945;https://randomuser.me/api/portraits/men/8.jpg;Anyther;male;September 3, 1980;nl;Uchaifok1ch;y;2019-01-22 17:43:14.453
Josca;Wind;JoscaWind@teleworm.us;06-27953790;https://randomuser.me/api/portraits/women/3.jpg;Cion1972;female;September 23, 1972;nl;thizaeCa6;y;2019-01-22 17:43:14.453
Flint;Haan;FlintHaan@armyspy.com;06-87195300;https://randomuser.me/api/portraits/women/69.jpg;Himerst1942;Female;November 4, 1942;nl;eng4joav4OX;y;2019-02-02 10:43:14.453
Savine;van Loenhout;SavinevanLoenhout@jourrapide.com;06-56199942;https://randomuser.me/api/portraits/women/71.jpg;Sucts1959;Female;November 13, 1959;nl;ooN4wohyoh;n;2019-02-02 10:43:14.453
Deniz;Boosten;DenizBoosten@dayrep.com;06-56737827;https://randomuser.me/api/portraits/women/44.jpg;Teeuw;Female;December 13, 1977;nl;aiCeijee6iB;y;2019-02-03 11:43:14.453
Lucy;Jessurun;LucyJessurun@teleworm.us;06-56761166;https://randomuser.me/api/portraits/women/62.jpg;Acquings;Female;June 4, 1987;nl;Aijee8xohgh;y;2019-03-01 11:43:14.453
Virginie;Gamelin;VirginieGamelin@rhyta.com;04-73697477;https://randomuser.me/api/portraits/women/57.jpg;Stunion98;Female;July 4, 1998;fr;cho1TieNg;y;2019-04-10 12:10:14.453
Hugues;Sicard;HuguesSicard@teleworm.us;05-12323174;https://randomuser.me/api/portraits/men/15.jpg;Whising;male;June 24, 1980;fr;Ahk9Ifu6Poh;n;2019-09-12 12:20:14.453
Daisi;Blais;DaisiBlais@armyspy.com;04-12323145;https://randomuser.me/api/portraits/women/85.jpg;Hibive1976;Female;April 30, 1976;fr;Ooxee7ah;y;2019-10-15 12:43:14.453
Erembourg;Renaud;ErembourgRenaud@jourrapide.com;04-73785477;https://randomuser.me/api/portraits/women/89.jpg;Bilted;Female;October 25, 1971;fr;Wahkoo1ae;y;2019-10-22 09:43:14.453
Magnus;M. Madsen;MagnusMMadsen@armyspy.com;04-524994090;https://randomuser.me/api/portraits/men/93.jpg;Redet1981;male;June 24, 1981;dk;toh9Aichah;y;2019-10-22 09:40:14.453
Andrea;A. Bak;AndreaABak@dayrep.com;04-524994850;https://randomuser.me/api/portraits/women/82.jpg;Himmaysion;female;October 16, 1980;dk;Wedaicaize7;n;2019-10-22 10:20:14.453
Helena;G. Berg;HelenaGBerg@teleworm.us;04-524994863;https://randomuser.me/api/portraits/women/73.jpg;Chumake;female;March 30, 1998;Dk;Ooc6uitahs;y;2020-01-10 10:21:14.453
Sandra;M. Winther;SandraMWinther@rhyta.com;05-123231783;https://randomuser.me/api/portraits/women/58.jpg;Explaving;female;February 23, 2001;dk;Bi0wah4j;y;2020-01-12 11:22:14.453
Cui;P'eng;CuiPeng@teleworm.us;0479-6119454;https://randomuser.me/api/portraits/women/51.jpg;Buffe2001;female;January 24, 2001;se;queequo3Oo;y;2020-01-13 12:25:14.453
Xiao;Hong Shih;XiaoHongShih@jourrapide.com;0493-5692079;https://randomuser.me/api/portraits/women/18.jpg;Turd1999;female;August 10, 1999;se;Ohkohr0po0f;n;2020-01-22 11:05:14.453
Rafael;Silva Pinto;RafaelSilvaPinto@rhyta.com;0372 4790958;https://petapixel.com/assets/uploads/2017/11/fake3.jpg;Pacconte;male;September 13, 1981;ES;Lohg7thahqu;n;2020-02-02 11:06:14.453
Gustavo;Ribeiro Araujo;GustavoRibeiroAraujo@armyspy.com;0352 9293379;https://petapixel.com/assets/uploads/2017/11/fake4.jpg;Mushe1978;male;October 31, 1978;ES;Hoi8ootaef;n;2020-02-05 11:07:14.453
Enzo;Araujo Rodrigues;EnzoAraujoRodrigues@armyspy.com;0375 6320412;https://images.generated.photos/e-AlRR3x6VVSSkxTI9j3wPMp_oCOSBIXDcTovi_LZVA/rs:fit:512:512/Z3M6Ly9nZW5lcmF0/ZWQtcGhvdG9zL3Yz/XzA0NTI3NDkuanBn.jpg;Dident84;male;December 14, 1984;ES;Oozoo4hae;y;2020-02-05 15:20:14.453
Leonor;Cardoso Barbosa;LeonorCardosoBarbosa@dayrep.com;0375 6310412;https://images.generated.photos/H0h3Zd7uZXRfaUP5CS20qotjf6tVUIJvyeciwotGhcU/rs:fit:512:512/Z3M6Ly9nZW5lcmF0/ZWQtcGhvdG9zL3Yz/XzAxNjgxOTMuanBn.jpg;Thentrals;female;November 25, 1943;ES;FooF7tohQuei;y;2020-09-22 15:21:14.453
Mahasin;Hulyah Isa;MahasinHulyahIsa@rhyta.com;0391 9254188;https://images.generated.photos/ED-RqYD2jA5b6OXfdTeBNTk4U1LQHl0L-H1I8OhN2TU/rs:fit:512:512/Z3M6Ly9nZW5lcmF0/ZWQtcGhvdG9zL3Yz/XzA1Mjk1NTAuanBn.jpg;Ancence40;female;December 24, 1970;it;ee9eeguJi6;y;2020-09-22 15:26:14.453
Butrus;Wasil Shamoon;ButrusWasilShamoon@dayrep.com;0367 9032404;https://images.generated.photos/jxx5uWijySwUeAKa_Jes2FbXkZ2BxyW_-bPP7htTu_8/rs:fit:512:512/Z3M6Ly9nZW5lcmF0/ZWQtcGhvdG9zL3Yz/XzA1ODUxMzIuanBn.jpg;Younk1978;male;May 2, 1978;IT;uo4fei9Ch;y;2020-09-22 15:43:14.453
